"labels","uri","name","type"
"[""Resource"",""http://www.w3.org/2002/07/owl#ObjectProperty""]","http://www.cidoc-crm.org/cidoc-crm/P137_exemplifies","",""
"[""Resource"",""http://www.w3.org/2002/07/owl#ObjectProperty""]","http://www.cidoc-crm.org/cidoc-crm/P7i_witnessed","",""
"[""Resource"",""http://www.w3.org/2002/07/owl#ObjectProperty""]","http://www.cidoc-crm.org/cidoc-crm/P67_refers_to","",""
"[""Resource"",""http://www.w3.org/2002/07/owl#ObjectProperty""]","http://www.cidoc-crm.org/cidoc-crm/P50_has_current_keeper","",""
"[""Resource"",""http://www.w3.org/2002/07/owl#ObjectProperty""]","http://www.cidoc-crm.org/cidoc-crm/P125_used_object_of_type","",""
"[""Resource"",""http://www.w3.org/2002/07/owl#ObjectProperty""]","http://www.cidoc-crm.org/cidoc-crm/P185i_ends_after_the_end_of","",""
"[""Resource"",""http://www.w3.org/2002/07/owl#ObjectProperty""]","http://www.cidoc-crm.org/cidoc-crm/P100i_died_in","",""
"[""Resource"",""http://www.w3.org/2002/07/owl#ObjectProperty""]","http://www.cidoc-crm.org/cidoc-crm/P198i_is_held_or_supported_by","",""
"[""Resource"",""http://www.w3.org/2002/07/owl#ObjectProperty""]","http://www.cidoc-crm.org/cidoc-crm/P92_brought_into_existence","",""
"[""Resource"",""http://www.w3.org/2002/07/owl#ObjectProperty""]","http://www.cidoc-crm.org/cidoc-crm/P26_moved_to","",""
"[""Resource"",""http://www.w3.org/2002/07/owl#ObjectProperty""]","http://www.cidoc-crm.org/cidoc-crm/P182i_starts_after_or_with_the_end_of","",""
"[""Resource"",""http://www.w3.org/2002/07/owl#ObjectProperty""]","http://www.cidoc-crm.org/cidoc-crm/P54_has_current_permanent_location","",""
"[""Resource"",""http://www.w3.org/2002/07/owl#ObjectProperty""]","http://www.cidoc-crm.org/cidoc-crm/P135i_was_created_by","",""
"[""Resource"",""http://www.w3.org/2002/07/owl#ObjectProperty""]","http://www.cidoc-crm.org/cidoc-crm/P145_separated","",""
"[""Resource"",""http://www.w3.org/2002/07/owl#ObjectProperty""]","http://www.cidoc-crm.org/cidoc-crm/P175i_starts_after_or_with_the_start_of","",""
"[""Resource"",""http://www.w3.org/2002/07/owl#ObjectProperty""]","http://www.cidoc-crm.org/cidoc-crm/P32i_was_technique_of","",""
"[""Resource"",""http://www.w3.org/2002/07/owl#ObjectProperty""]","http://www.cidoc-crm.org/cidoc-crm/P157i_provides_reference_space_for","",""
"[""Resource"",""http://www.w3.org/2002/07/owl#ObjectProperty""]","http://www.cidoc-crm.org/cidoc-crm/P123i_resulted_from","",""
"[""Resource"",""http://www.w3.org/2002/07/owl#ObjectProperty""]","http://www.cidoc-crm.org/cidoc-crm/P30i_custody_transferred_through","",""
"[""Resource"",""http://www.w3.org/2002/07/owl#ObjectProperty""]","http://www.cidoc-crm.org/cidoc-crm/P28i_surrendered_custody_through","",""
"[""Resource"",""http://www.w3.org/2002/07/owl#ObjectProperty""]","http://www.cidoc-crm.org/cidoc-crm/P103i_was_intention_of","",""
"[""Resource"",""http://www.w3.org/2002/07/owl#ObjectProperty""]","http://www.cidoc-crm.org/cidoc-crm/P94_has_created","",""
"[""Resource"",""http://www.w3.org/2002/07/owl#Class""]","http://www.cidoc-crm.org/cidoc-crm/E80_Part_Removal","",""
"[""Resource"",""http://www.w3.org/2002/07/owl#ObjectProperty""]","http://www.cidoc-crm.org/cidoc-crm/P92i_was_brought_into_existence_by","",""
"[""Resource"",""http://www.w3.org/2002/07/owl#DatatypeProperty""]","http://www.cidoc-crm.org/cidoc-crm/P82a_begin_of_the_begin","",""
"[""Resource"",""http://www.w3.org/2002/07/owl#ObjectProperty""]","http://www.cidoc-crm.org/cidoc-crm/P95_has_formed","",""
"[""Resource"",""http://www.w3.org/2002/07/owl#ObjectProperty""]","http://www.cidoc-crm.org/cidoc-crm/P165_incorporates","",""
"[""Resource"",""http://www.w3.org/2002/07/owl#ObjectProperty""]","http://www.cidoc-crm.org/cidoc-crm/P19i_was_made_for","",""
"[""Resource"",""http://www.w3.org/2002/07/owl#ObjectProperty""]","http://www.cidoc-crm.org/cidoc-crm/P29_custody_received_by","",""
"[""Resource"",""http://www.w3.org/2002/07/owl#Class""]","http://www.cidoc-crm.org/cidoc-crm/E34_Inscription","",""
"[""Resource"",""http://www.w3.org/2002/07/owl#DatatypeProperty""]","http://www.cidoc-crm.org/cidoc-crm/P168_place_is_defined_by","",""
"[""Resource"",""http://www.w3.org/2002/07/owl#ObjectProperty""]","http://www.cidoc-crm.org/cidoc-crm/P75i_is_possessed_by","",""
"[""Resource"",""http://www.w3.org/2002/07/owl#Class""]","http://www.cidoc-crm.org/cidoc-crm/E13_Attribute_Assignment","",""
"[""Resource"",""http://www.w3.org/2002/07/owl#ObjectProperty""]","http://www.cidoc-crm.org/cidoc-crm/P69_has_association_with","",""
"[""Resource"",""http://www.w3.org/2002/07/owl#ObjectProperty""]","http://www.cidoc-crm.org/cidoc-crm/P71i_is_listed_in","",""
"[""Resource"",""http://www.w3.org/2002/07/owl#ObjectProperty""]","http://www.cidoc-crm.org/cidoc-crm/P52_has_current_owner","",""
"[""Resource"",""http://www.w3.org/2002/07/owl#ObjectProperty""]","http://www.cidoc-crm.org/cidoc-crm/P166i_had_presence","",""
"[""Resource"",""http://www.w3.org/2002/07/owl#ObjectProperty""]","http://www.cidoc-crm.org/cidoc-crm/P177_assigned_property_of_type","",""
"[""Resource"",""http://www.w3.org/2002/07/owl#Class""]","http://www.cidoc-crm.org/cidoc-crm/E71_Human-Made_Thing","",""
"[""Resource"",""http://www.w3.org/2002/07/owl#ObjectProperty""]","http://www.cidoc-crm.org/cidoc-crm/P142i_was_used_in","",""
"[""Resource"",""http://www.w3.org/2002/07/owl#ObjectProperty""]","http://www.cidoc-crm.org/cidoc-crm/P45i_is_incorporated_in","",""
"[""Resource"",""http://www.w3.org/2002/07/owl#ObjectProperty""]","http://www.cidoc-crm.org/cidoc-crm/P124i_was_transformed_by","",""
"[""Resource"",""http://www.w3.org/2002/07/owl#Class""]","http://www.cidoc-crm.org/cidoc-crm/E29_Design_or_Procedure","",""
"[""Resource"",""http://www.w3.org/2002/07/owl#ObjectProperty""]","http://www.cidoc-crm.org/cidoc-crm/P134i_was_continued_by","",""
"[""Resource"",""http://www.w3.org/2002/07/owl#ObjectProperty""]","http://www.cidoc-crm.org/cidoc-crm/P11_had_participant","",""
"[""Resource"",""http://www.w3.org/2002/07/owl#ObjectProperty""]","http://www.cidoc-crm.org/cidoc-crm/P72_has_language","",""
"[""Resource"",""http://www.w3.org/2002/07/owl#ObjectProperty""]","http://www.cidoc-crm.org/cidoc-crm/P139_has_alternative_form","",""
"[""Resource"",""http://www.w3.org/2002/07/owl#Class""]","http://www.cidoc-crm.org/cidoc-crm/E90_Symbolic_Object","",""
"[""Resource"",""http://www.w3.org/2002/07/owl#ObjectProperty""]","http://www.cidoc-crm.org/cidoc-crm/P191_had_duration","",""
"[""Resource"",""http://www.w3.org/2002/07/owl#ObjectProperty""]","http://www.cidoc-crm.org/cidoc-crm/P68i_use_foreseen_by","",""
"[""Resource"",""http://www.w3.org/2002/07/owl#ObjectProperty""]","http://www.cidoc-crm.org/cidoc-crm/P167_was_within","",""
"[""Resource"",""http://www.w3.org/2002/07/owl#ObjectProperty""]","http://www.cidoc-crm.org/cidoc-crm/P35i_was_identified_by","",""
"[""Resource"",""http://www.w3.org/2002/07/owl#ObjectProperty""]","http://www.cidoc-crm.org/cidoc-crm/P121_overlaps_with","",""
"[""Resource"",""http://www.w3.org/2002/07/owl#ObjectProperty""]","http://www.cidoc-crm.org/cidoc-crm/P195i_had_presence","",""
"[""Resource"",""http://www.w3.org/2002/07/owl#ObjectProperty""]","http://www.cidoc-crm.org/cidoc-crm/P143i_was_joined_by","",""
"[""Resource"",""http://www.w3.org/2002/07/owl#ObjectProperty""]","http://www.cidoc-crm.org/cidoc-crm/P45_consists_of","",""
"[""Resource"",""http://www.w3.org/2002/07/owl#ObjectProperty""]","http://www.cidoc-crm.org/cidoc-crm/P148_has_component","",""
"[""Resource"",""http://www.w3.org/2002/07/owl#Class""]","http://www.cidoc-crm.org/cidoc-crm/E36_Visual_Item","",""
"[""Resource"",""http://www.w3.org/2002/07/owl#ObjectProperty""]","http://www.cidoc-crm.org/cidoc-crm/P180i_was_currency_of","",""
"[""Resource"",""http://www.w3.org/2002/07/owl#ObjectProperty""]","http://www.cidoc-crm.org/cidoc-crm/P141i_was_assigned_by","",""
"[""Resource"",""http://www.w3.org/2002/07/owl#ObjectProperty""]","http://www.cidoc-crm.org/cidoc-crm/P98_brought_into_life","",""
"[""Resource"",""http://www.w3.org/2002/07/owl#ObjectProperty""]","http://www.cidoc-crm.org/cidoc-crm/P34_concerned","",""
"[""Resource"",""http://www.w3.org/2002/07/owl#ObjectProperty""]","http://www.cidoc-crm.org/cidoc-crm/P167i_includes","",""
"[""Resource"",""http://www.w3.org/2002/07/owl#ObjectProperty""]","http://www.cidoc-crm.org/cidoc-crm/P187i_is_production_plan_for","",""
"[""Resource"",""http://www.w3.org/2002/07/owl#ObjectProperty""]","http://www.cidoc-crm.org/cidoc-crm/P69i_is_associated_with","",""
"[""Resource"",""http://www.w3.org/2002/07/owl#ObjectProperty""]","http://www.cidoc-crm.org/cidoc-crm/P91i_is_unit_of","",""
"[""Resource"",""http://www.w3.org/2002/07/owl#Class""]","http://www.cidoc-crm.org/cidoc-crm/E69_Death","",""
"[""Resource"",""http://www.w3.org/2002/07/owl#ObjectProperty""]","http://www.cidoc-crm.org/cidoc-crm/P44i_is_condition_of","",""
"[""Resource"",""http://www.w3.org/2002/07/owl#ObjectProperty""]","http://www.cidoc-crm.org/cidoc-crm/P160i_is_temporal_projection_of","",""
"[""Resource"",""http://www.w3.org/2002/07/owl#DatatypeProperty""]","http://www.cidoc-crm.org/cidoc-crm/P170i_time_is_defined_by","",""
"[""Resource"",""http://www.w3.org/2002/07/owl#Class""]","http://www.cidoc-crm.org/cidoc-crm/E11_Modification","",""
"[""Resource"",""http://www.w3.org/2002/07/owl#Class""]","http://www.cidoc-crm.org/cidoc-crm/E81_Transformation","",""
"[""Resource"",""http://www.w3.org/2002/07/owl#ObjectProperty""]","http://www.cidoc-crm.org/cidoc-crm/P41i_was_classified_by","",""
"[""Resource"",""http://www.w3.org/2002/07/owl#Class""]","http://www.cidoc-crm.org/cidoc-crm/E74_Group","",""
"[""Resource"",""http://www.w3.org/2002/07/owl#Class""]","http://www.cidoc-crm.org/cidoc-crm/E2_Temporal_Entity","",""
"[""Resource"",""http://www.w3.org/2002/07/owl#Class""]","http://www.cidoc-crm.org/cidoc-crm/E31_Document","",""
"[""Resource"",""http://www.w3.org/2002/07/owl#Class""]","http://www.cidoc-crm.org/cidoc-crm/E73_Information_Object","",""
"[""Resource"",""http://www.w3.org/2002/07/owl#ObjectProperty""]","http://www.cidoc-crm.org/cidoc-crm/P16i_was_used_for","",""
"[""Resource"",""http://www.w3.org/2002/07/owl#ObjectProperty""]","http://www.cidoc-crm.org/cidoc-crm/P59_has_section","",""
"[""Resource"",""http://www.w3.org/2002/07/owl#ObjectProperty""]","http://www.cidoc-crm.org/cidoc-crm/P23_transferred_title_from","",""
"[""Resource"",""http://www.w3.org/2002/07/owl#ObjectProperty""]","http://www.cidoc-crm.org/cidoc-crm/P95i_was_formed_by","",""
"[""Resource"",""http://www.w3.org/2002/07/owl#ObjectProperty""]","http://www.cidoc-crm.org/cidoc-crm/P86i_contains","",""
"[""Resource"",""http://www.w3.org/2002/07/owl#Class""]","http://www.cidoc-crm.org/cidoc-crm/E68_Dissolution","",""
"[""Resource"",""http://www.w3.org/2002/07/owl#Class""]","http://www.cidoc-crm.org/cidoc-crm/E28_Conceptual_Object","",""
"[""Resource"",""http://www.w3.org/2002/07/owl#ObjectProperty""]","http://www.cidoc-crm.org/cidoc-crm/P2_has_type","",""
"[""Resource"",""http://www.w3.org/2002/07/owl#ObjectProperty""]","http://www.cidoc-crm.org/cidoc-crm/P65_shows_visual_item","",""
"[""Resource"",""http://www.w3.org/2002/07/owl#ObjectProperty""]","http://www.cidoc-crm.org/cidoc-crm/P165i_is_incorporated_in","",""
"[""Resource"",""http://www.w3.org/2002/07/owl#ObjectProperty""]","http://www.cidoc-crm.org/cidoc-crm/P186i_is_produced_by","",""
"[""Resource"",""http://www.w3.org/2002/07/owl#ObjectProperty""]","http://www.cidoc-crm.org/cidoc-crm/P48_has_preferred_identifier","",""
"[""Resource"",""http://www.w3.org/2002/07/owl#ObjectProperty""]","http://www.cidoc-crm.org/cidoc-crm/P38_deassigned","",""
"[""Resource"",""http://www.w3.org/2002/07/owl#ObjectProperty""]","http://www.cidoc-crm.org/cidoc-crm/P197i_was_partially_covered_by","",""
"[""Resource"",""http://www.w3.org/2002/07/owl#ObjectProperty""]","http://www.cidoc-crm.org/cidoc-crm/P108i_was_produced_by","",""
"[""Resource"",""http://www.w3.org/2002/07/owl#Class""]","http://www.cidoc-crm.org/cidoc-crm/E92_Spacetime_Volume","",""
"[""Resource"",""http://www.w3.org/2002/07/owl#ObjectProperty""]","http://www.cidoc-crm.org/cidoc-crm/P9i_forms_part_of","",""
"[""Resource"",""http://www.w3.org/2002/07/owl#ObjectProperty""]","http://www.cidoc-crm.org/cidoc-crm/P188_requires_production_tool","",""
"[""Resource"",""http://www.w3.org/2002/07/owl#ObjectProperty""]","http://www.cidoc-crm.org/cidoc-crm/P133_is_spatiotemporally_separated_from","",""
"[""Resource"",""http://www.w3.org/2002/07/owl#ObjectProperty""]","http://www.cidoc-crm.org/cidoc-crm/P179_had_sales_price","",""
"[""Resource"",""http://www.w3.org/2002/07/owl#ObjectProperty""]","http://www.cidoc-crm.org/cidoc-crm/P140i_was_attributed_by","",""
"[""Resource"",""http://www.w3.org/2002/07/owl#ObjectProperty""]","http://www.cidoc-crm.org/cidoc-crm/P101_had_as_general_use","",""
"[""Resource"",""http://www.w3.org/2002/07/owl#ObjectProperty""]","http://www.cidoc-crm.org/cidoc-crm/P71_lists","",""
"[""Resource"",""http://www.w3.org/2002/07/owl#ObjectProperty""]","http://www.cidoc-crm.org/cidoc-crm/P197_covered_parts_of","",""
"[""Resource"",""http://www.w3.org/2002/07/owl#ObjectProperty""]","http://www.cidoc-crm.org/cidoc-crm/P53_has_former_or_current_location","",""
"[""Resource"",""http://www.w3.org/2002/07/owl#ObjectProperty""]","http://www.cidoc-crm.org/cidoc-crm/P96i_gave_birth","",""
"[""Resource"",""http://www.w3.org/2002/07/owl#ObjectProperty""]","http://www.cidoc-crm.org/cidoc-crm/P196i_is_defined_by","",""
"[""Resource"",""http://www.w3.org/2002/07/owl#Class""]","http://www.cidoc-crm.org/cidoc-crm/E70_Thing","",""
"[""Resource"",""http://www.w3.org/2002/07/owl#ObjectProperty""]","http://www.cidoc-crm.org/cidoc-crm/P52i_is_current_owner_of","",""
"[""Resource"",""http://www.w3.org/2002/07/owl#ObjectProperty""]","http://www.cidoc-crm.org/cidoc-crm/P128i_is_carried_by","",""
"[""Resource"",""http://www.w3.org/2002/07/owl#ObjectProperty""]","http://www.cidoc-crm.org/cidoc-crm/P67i_is_referred_to_by","",""
"[""Resource"",""http://www.w3.org/2002/07/owl#ObjectProperty""]","http://www.cidoc-crm.org/cidoc-crm/P49_has_former_or_current_keeper","",""
"[""Resource"",""http://www.w3.org/2002/07/owl#ObjectProperty""]","http://www.cidoc-crm.org/cidoc-crm/P14_carried_out_by","",""
"[""Resource"",""http://www.w3.org/2002/07/owl#ObjectProperty""]","http://www.cidoc-crm.org/cidoc-crm/P140_assigned_attribute_to","",""
"[""Resource"",""http://www.w3.org/2002/07/owl#Class""]","http://www.cidoc-crm.org/cidoc-crm/E64_End_of_Existence","",""
"[""Resource"",""http://www.w3.org/2002/07/owl#ObjectProperty""]","http://www.cidoc-crm.org/cidoc-crm/P11i_participated_in","",""
"[""Resource"",""http://www.w3.org/2002/07/owl#ObjectProperty""]","http://www.cidoc-crm.org/cidoc-crm/P62i_is_depicted_by","",""
"[""Resource"",""http://www.w3.org/2002/07/owl#ObjectProperty""]","http://www.cidoc-crm.org/cidoc-crm/P124_transformed","",""
"[""Resource"",""http://www.w3.org/2002/07/owl#Class""]","http://www.cidoc-crm.org/cidoc-crm/E33_E41_Linguistic_Appellation","",""
"[""Resource"",""http://www.w3.org/2002/07/owl#ObjectProperty""]","http://www.cidoc-crm.org/cidoc-crm/P129_is_about","",""
"[""Resource"",""http://www.w3.org/2002/07/owl#ObjectProperty""]","http://www.cidoc-crm.org/cidoc-crm/P55_has_current_location","",""
"[""Resource"",""http://www.w3.org/2002/07/owl#ObjectProperty""]","http://www.cidoc-crm.org/cidoc-crm/P173i_ends_after_or_with_the_start_of","",""
"[""Resource"",""http://www.w3.org/2002/07/owl#Class""]","http://www.cidoc-crm.org/cidoc-crm/E89_Propositional_Object","",""
"[""Resource"",""http://www.w3.org/2002/07/owl#ObjectProperty""]","http://www.cidoc-crm.org/cidoc-crm/P19_was_intended_use_of","",""
"[""Resource"",""http://www.w3.org/2002/07/owl#ObjectProperty""]","http://www.cidoc-crm.org/cidoc-crm/P112_diminished","",""
"[""Resource"",""http://www.w3.org/2002/07/owl#Class""]","http://www.cidoc-crm.org/cidoc-crm/E15_Identifier_Assignment","",""
"[""Resource"",""http://www.w3.org/2002/07/owl#Class""]","http://www.cidoc-crm.org/cidoc-crm/E17_Type_Assignment","",""
"[""Resource"",""http://www.w3.org/2002/07/owl#ObjectProperty""]","http://www.cidoc-crm.org/cidoc-crm/P136_was_based_on","",""
"[""Resource"",""http://www.w3.org/2002/07/owl#ObjectProperty""]","http://www.cidoc-crm.org/cidoc-crm/P22_transferred_title_to","",""
"[""Resource"",""http://www.w3.org/2002/07/owl#ObjectProperty""]","http://www.cidoc-crm.org/cidoc-crm/P144i_gained_member_by","",""
"[""Resource"",""http://www.w3.org/2002/07/owl#Class""]","http://www.cidoc-crm.org/cidoc-crm/E8_Acquisition","",""
"[""Resource"",""http://www.w3.org/2002/07/owl#ObjectProperty""]","http://www.cidoc-crm.org/cidoc-crm/P91_has_unit","",""
"[""Resource"",""http://www.w3.org/2002/07/owl#ObjectProperty""]","http://www.cidoc-crm.org/cidoc-crm/P126i_was_employed_in","",""
"[""Resource"",""http://www.w3.org/2002/07/owl#ObjectProperty""]","http://www.cidoc-crm.org/cidoc-crm/P105_right_held_by","",""
"[""Resource"",""http://www.w3.org/2002/07/owl#ObjectProperty""]","http://www.cidoc-crm.org/cidoc-crm/P142_used_constituent","",""
"[""Resource"",""http://www.w3.org/2002/07/owl#ObjectProperty""]","http://www.cidoc-crm.org/cidoc-crm/P37i_was_assigned_by","",""
"[""Resource"",""http://www.w3.org/2002/07/owl#DatatypeProperty""]","http://www.cidoc-crm.org/cidoc-crm/P82_at_some_time_within","",""
"[""Resource"",""http://www.w3.org/2002/07/owl#ObjectProperty""]","http://www.cidoc-crm.org/cidoc-crm/P68_foresees_use_of","",""
"[""Resource"",""http://www.w3.org/2002/07/owl#Class""]","http://www.cidoc-crm.org/cidoc-crm/E85_Joining","",""
"[""Resource"",""http://www.w3.org/2002/07/owl#ObjectProperty""]","http://www.cidoc-crm.org/cidoc-crm/P136i_supported_type_creation","",""
"[""Resource"",""http://www.w3.org/2002/07/owl#Class""]","http://www.cidoc-crm.org/cidoc-crm/E98_Currency","",""
"[""Resource"",""http://www.w3.org/2002/07/owl#ObjectProperty""]","http://www.cidoc-crm.org/cidoc-crm/P191i_was_duration_of","",""
"[""Resource"",""http://www.w3.org/2002/07/owl#ObjectProperty""]","http://www.cidoc-crm.org/cidoc-crm/P195_was_a_presence_of","",""
"[""Resource"",""http://www.w3.org/2002/07/owl#ObjectProperty""]","http://www.cidoc-crm.org/cidoc-crm/P109i_is_current_or_former_curator_of","",""
"[""Resource"",""http://www.w3.org/2002/07/owl#ObjectProperty""]","http://www.cidoc-crm.org/cidoc-crm/P13_destroyed","",""
"[""Resource"",""http://www.w3.org/2002/07/owl#ObjectProperty""]","http://www.cidoc-crm.org/cidoc-crm/P111_added","",""
"[""Resource"",""http://www.w3.org/2002/07/owl#ObjectProperty""]","http://www.cidoc-crm.org/cidoc-crm/P111i_was_added_by","",""
"[""Resource"",""http://www.w3.org/2002/07/owl#ObjectProperty""]","http://www.cidoc-crm.org/cidoc-crm/P25_moved","",""
"[""Resource"",""http://www.w3.org/2002/07/owl#ObjectProperty""]","http://www.cidoc-crm.org/cidoc-crm/P113_removed","",""
"[""Resource"",""http://www.w3.org/2002/07/owl#ObjectProperty""]","http://www.cidoc-crm.org/cidoc-crm/P125i_was_type_of_object_used_in","",""
"[""Resource"",""http://www.w3.org/2002/07/owl#DatatypeProperty""]","http://www.cidoc-crm.org/cidoc-crm/P82b_end_of_the_end","",""
"[""Resource"",""http://www.w3.org/2002/07/owl#ObjectProperty""]","http://www.cidoc-crm.org/cidoc-crm/P94i_was_created_by","",""
"[""Resource"",""http://www.w3.org/2002/07/owl#ObjectProperty""]","http://www.cidoc-crm.org/cidoc-crm/P109_has_current_or_former_curator","",""
"[""Resource"",""http://www.w3.org/2002/07/owl#ObjectProperty""]","http://www.cidoc-crm.org/cidoc-crm/P8_took_place_on_or_within","",""
"[""Resource"",""http://www.w3.org/2002/07/owl#ObjectProperty""]","http://www.cidoc-crm.org/cidoc-crm/P148i_is_component_of","",""
"[""Resource"",""http://www.w3.org/2002/07/owl#Class""]","http://www.cidoc-crm.org/cidoc-crm/E19_Physical_Object","",""
"[""Resource"",""http://www.w3.org/2002/07/owl#Class""]","http://www.cidoc-crm.org/cidoc-crm/E33_Linguistic_Object","",""
"[""Resource"",""http://www.w3.org/2002/07/owl#ObjectProperty""]","http://www.cidoc-crm.org/cidoc-crm/P23i_surrendered_title_through","",""
"[""Resource"",""http://www.w3.org/2002/07/owl#Class""]","http://www.cidoc-crm.org/cidoc-crm/E54_Dimension","",""
"[""Resource"",""http://www.w3.org/2002/07/owl#ObjectProperty""]","http://www.cidoc-crm.org/cidoc-crm/P147i_was_curated_by","",""
"[""Resource"",""http://www.w3.org/2002/07/owl#ObjectProperty""]","http://www.cidoc-crm.org/cidoc-crm/P51i_is_former_or_current_owner_of","",""
"[""Resource"",""http://www.w3.org/2002/07/owl#Class""]","http://www.cidoc-crm.org/cidoc-crm/E87_Curation_Activity","",""
"[""Resource"",""http://www.w3.org/2002/07/owl#ObjectProperty""]","http://www.cidoc-crm.org/cidoc-crm/P152_has_parent","",""
"[""Resource"",""http://www.w3.org/2002/07/owl#Class""]","http://www.cidoc-crm.org/cidoc-crm/E96_Purchase","",""
"[""Resource"",""http://www.w3.org/2002/07/owl#DatatypeProperty""]","http://www.cidoc-crm.org/cidoc-crm/P171_at_some_place_within","",""
"[""Resource"",""http://www.w3.org/2002/07/owl#ObjectProperty""]","http://www.cidoc-crm.org/cidoc-crm/P15_was_influenced_by","",""
"[""Resource"",""http://www.w3.org/2002/07/owl#ObjectProperty""]","http://www.cidoc-crm.org/cidoc-crm/P151_was_formed_from","",""
"[""Resource"",""http://www.w3.org/2002/07/owl#ObjectProperty""]","http://www.cidoc-crm.org/cidoc-crm/P182_ends_before_or_with_the_start_of","",""
"[""Resource"",""http://www.w3.org/2002/07/owl#ObjectProperty""]","http://www.cidoc-crm.org/cidoc-crm/P151i_participated_in","",""
"[""Resource"",""http://www.w3.org/2002/07/owl#ObjectProperty""]","http://www.cidoc-crm.org/cidoc-crm/P102_has_title","",""
"[""Resource"",""http://www.w3.org/2002/07/owl#Class""]","http://www.cidoc-crm.org/cidoc-crm/E7_Activity","",""
"[""Resource"",""http://www.w3.org/2002/07/owl#ObjectProperty""]","http://www.cidoc-crm.org/cidoc-crm/P74i_is_current_or_former_residence_of","",""
"[""Resource"",""http://www.w3.org/2002/07/owl#ObjectProperty""]","http://www.cidoc-crm.org/cidoc-crm/P16_used_specific_object","",""
"[""Resource"",""http://www.w3.org/2002/07/owl#Class""]","http://www.cidoc-crm.org/cidoc-crm/E99_Product_Type","",""
"[""Resource"",""http://www.w3.org/2002/07/owl#Class""]","http://www.cidoc-crm.org/cidoc-crm/E56_Language","",""
"[""Resource"",""http://www.w3.org/2002/07/owl#ObjectProperty""]","http://www.cidoc-crm.org/cidoc-crm/P38i_was_deassigned_by","",""
"[""Resource"",""http://www.w3.org/2002/07/owl#ObjectProperty""]","http://www.cidoc-crm.org/cidoc-crm/P106i_forms_part_of","",""
"[""Resource"",""http://www.w3.org/2002/07/owl#ObjectProperty""]","http://www.cidoc-crm.org/cidoc-crm/P30_transferred_custody_of","",""
"[""Resource"",""http://www.w3.org/2002/07/owl#ObjectProperty""]","http://www.cidoc-crm.org/cidoc-crm/P25i_moved_by","",""
"[""Resource"",""http://www.w3.org/2002/07/owl#ObjectProperty""]","http://www.cidoc-crm.org/cidoc-crm/P177i_is_type_of_property_assigned","",""
"[""Resource"",""http://www.w3.org/2002/07/owl#ObjectProperty""]","http://www.cidoc-crm.org/cidoc-crm/P110_augmented","",""
"[""Resource"",""http://www.w3.org/2002/07/owl#ObjectProperty""]","http://www.cidoc-crm.org/cidoc-crm/P138_represents","",""
"[""Resource"",""http://www.w3.org/2002/07/owl#ObjectProperty""]","http://www.cidoc-crm.org/cidoc-crm/P99_dissolved","",""
"[""Resource"",""http://www.w3.org/2002/07/owl#Class""]","http://www.cidoc-crm.org/cidoc-crm/E25_Human-Made_Feature","",""
"[""Resource"",""http://www.w3.org/2002/07/owl#Class""]","http://www.cidoc-crm.org/cidoc-crm/E93_Presence","",""
"[""Resource"",""http://www.w3.org/2002/07/owl#ObjectProperty""]","http://www.cidoc-crm.org/cidoc-crm/P164i_temporally_specifies","",""
"[""Resource"",""http://www.w3.org/2002/07/owl#ObjectProperty""]","http://www.cidoc-crm.org/cidoc-crm/P96_by_mother","",""
"[""Resource"",""http://www.w3.org/2002/07/owl#ObjectProperty""]","http://www.cidoc-crm.org/cidoc-crm/P128_carries","",""
"[""Resource"",""http://www.w3.org/2002/07/owl#Class""]","http://www.cidoc-crm.org/cidoc-crm/E5_Event","",""
"[""Resource"",""http://www.w3.org/2002/07/owl#ObjectProperty""]","http://www.cidoc-crm.org/cidoc-crm/P56i_is_found_on","",""
"[""Resource"",""http://www.w3.org/2002/07/owl#DatatypeProperty""]","http://www.cidoc-crm.org/cidoc-crm/P90b_has_upper_value_limit","",""
"[""Resource"",""http://www.w3.org/2002/07/owl#ObjectProperty""]","http://www.cidoc-crm.org/cidoc-crm/P150i_defines_typical_wholes_for","",""
"[""Resource"",""http://www.w3.org/2002/07/owl#Class""]","http://www.cidoc-crm.org/cidoc-crm/E66_Formation","",""
"[""Resource"",""http://www.w3.org/2002/07/owl#ObjectProperty""]","http://www.cidoc-crm.org/cidoc-crm/P53i_is_former_or_current_location_of","",""
"[""Resource"",""http://www.w3.org/2002/07/owl#ObjectProperty""]","http://www.cidoc-crm.org/cidoc-crm/P17i_motivated","",""
"[""Resource"",""http://www.w3.org/2002/07/owl#ObjectProperty""]","http://www.cidoc-crm.org/cidoc-crm/P127i_has_narrower_term","",""
"[""Resource"",""http://www.w3.org/2002/07/owl#DatatypeProperty""]","http://www.cidoc-crm.org/cidoc-crm/P81b_begin_of_the_end","",""
"[""Resource"",""http://www.w3.org/2002/07/owl#ObjectProperty""]","http://www.cidoc-crm.org/cidoc-crm/P184i_ends_with_or_after_the_end_of","",""
"[""Resource"",""http://www.w3.org/2002/07/owl#Class""]","http://www.cidoc-crm.org/cidoc-crm/E63_Beginning_of_Existence","",""
"[""Resource"",""http://www.w3.org/2002/07/owl#ObjectProperty""]","http://www.cidoc-crm.org/cidoc-crm/P93_took_out_of_existence","",""
"[""Resource"",""http://www.w3.org/2002/07/owl#ObjectProperty""]","http://www.cidoc-crm.org/cidoc-crm/P40i_was_observed_in","",""
"[""Resource"",""http://www.w3.org/2002/07/owl#ObjectProperty""]","http://www.cidoc-crm.org/cidoc-crm/P176_starts_before_the_start_of","",""
"[""Resource"",""http://www.w3.org/2002/07/owl#Class""]","http://www.cidoc-crm.org/cidoc-crm/E57_Material","",""
"[""Resource"",""http://www.w3.org/2002/07/owl#Class""]","http://www.cidoc-crm.org/cidoc-crm/E78_Curated_Holding","",""
"[""Resource"",""http://www.w3.org/2002/07/owl#ObjectProperty""]","http://www.cidoc-crm.org/cidoc-crm/P113i_was_removed_by","",""
"[""Resource"",""http://www.w3.org/2002/07/owl#ObjectProperty""]","http://www.cidoc-crm.org/cidoc-crm/P144_joined_with","",""
"[""Resource"",""http://www.w3.org/2002/07/owl#ObjectProperty""]","http://www.cidoc-crm.org/cidoc-crm/P138i_has_representation","",""
"[""Resource"",""http://www.w3.org/2002/07/owl#ObjectProperty""]","http://www.cidoc-crm.org/cidoc-crm/P2i_is_type_of","",""
"[""Resource"",""http://www.w3.org/2002/07/owl#ObjectProperty""]","http://www.cidoc-crm.org/cidoc-crm/P20_had_specific_purpose","",""
"[""Resource"",""http://www.w3.org/2002/07/owl#ObjectProperty""]","http://www.cidoc-crm.org/cidoc-crm/P12i_was_present_at","",""
"[""Resource"",""http://www.w3.org/2002/07/owl#Class""]","http://www.cidoc-crm.org/cidoc-crm/E58_Measurement_Unit","",""
"[""Resource"",""http://www.w3.org/2002/07/owl#ObjectProperty""]","http://www.cidoc-crm.org/cidoc-crm/P105i_has_right_on","",""
"[""Resource"",""http://www.w3.org/2002/07/owl#ObjectProperty""]","http://www.cidoc-crm.org/cidoc-crm/P73i_is_translation_of","",""
"[""Resource"",""http://www.w3.org/2002/07/owl#Ontology""]","http://www.cidoc-crm.org/cidoc-crm/","",""
"[""Resource"",""http://www.w3.org/2002/07/owl#ObjectProperty""]","http://www.cidoc-crm.org/cidoc-crm/P126_employed","",""
"[""Resource"",""http://www.w3.org/2002/07/owl#ObjectProperty""]","http://www.cidoc-crm.org/cidoc-crm/P112i_was_diminished_by","",""
"[""Resource"",""http://www.w3.org/2002/07/owl#ObjectProperty""]","http://www.cidoc-crm.org/cidoc-crm/P160_has_temporal_projection","",""
"[""Resource"",""http://www.w3.org/2002/07/owl#ObjectProperty""]","http://www.cidoc-crm.org/cidoc-crm/P110i_was_augmented_by","",""
"[""Resource"",""http://www.w3.org/2002/07/owl#ObjectProperty""]","http://www.cidoc-crm.org/cidoc-crm/P27_moved_from","",""
"[""Resource"",""http://www.w3.org/2002/07/owl#ObjectProperty""]","http://www.cidoc-crm.org/cidoc-crm/P44_has_condition","",""
"[""Resource"",""http://www.w3.org/2002/07/owl#ObjectProperty""]","http://www.cidoc-crm.org/cidoc-crm/P152i_is_parent_of","",""
"[""Resource"",""http://www.w3.org/2002/07/owl#DatatypeProperty""]","http://www.cidoc-crm.org/cidoc-crm/P190_has_symbolic_content","",""
"[""Resource"",""http://www.w3.org/2002/07/owl#Class""]","http://www.cidoc-crm.org/cidoc-crm/E79_Part_Addition","",""
"[""Resource"",""http://www.w3.org/2002/07/owl#ObjectProperty""]","http://www.cidoc-crm.org/cidoc-crm/P10_falls_within","",""
"[""Resource"",""http://www.w3.org/2002/07/owl#ObjectProperty""]","http://www.cidoc-crm.org/cidoc-crm/P35_has_identified","",""
"[""Resource"",""http://www.w3.org/2002/07/owl#ObjectProperty""]","http://www.cidoc-crm.org/cidoc-crm/P161i_is_spatial_projection_of","",""
"[""Resource"",""http://www.w3.org/2002/07/owl#Class""]","http://www.cidoc-crm.org/cidoc-crm/E24_Physical_Human-Made_Thing","",""
"[""Resource"",""http://www.w3.org/2002/07/owl#ObjectProperty""]","http://www.cidoc-crm.org/cidoc-crm/P14i_performed","",""
"[""Resource"",""http://www.w3.org/2002/07/owl#ObjectProperty""]","http://www.cidoc-crm.org/cidoc-crm/P8i_witnessed","",""
"[""Resource"",""http://www.w3.org/2002/07/owl#ObjectProperty""]","http://www.cidoc-crm.org/cidoc-crm/P173_starts_before_or_with_the_end_of","",""
"[""Resource"",""http://www.w3.org/2002/07/owl#ObjectProperty""]","http://www.cidoc-crm.org/cidoc-crm/P98i_was_born","",""
"[""Resource"",""http://www.w3.org/2002/07/owl#ObjectProperty""]","http://www.cidoc-crm.org/cidoc-crm/P1_is_identified_by","",""
"[""Resource"",""http://www.w3.org/2002/07/owl#ObjectProperty""]","http://www.cidoc-crm.org/cidoc-crm/P130i_features_are_also_found_on","",""
"[""Resource"",""http://www.w3.org/2002/07/owl#Class""]","http://www.cidoc-crm.org/cidoc-crm/E42_Identifier","",""
"[""Resource"",""http://www.w3.org/2002/07/owl#ObjectProperty""]","http://www.cidoc-crm.org/cidoc-crm/P31_has_modified","",""
"[""Resource"",""http://www.w3.org/2002/07/owl#ObjectProperty""]","http://www.cidoc-crm.org/cidoc-crm/P28_custody_surrendered_by","",""
"[""Resource"",""http://www.w3.org/2002/07/owl#ObjectProperty""]","http://www.cidoc-crm.org/cidoc-crm/P48i_is_preferred_identifier_of","",""
"[""Resource"",""http://www.w3.org/2002/07/owl#Class""]","http://www.cidoc-crm.org/cidoc-crm/E26_Physical_Feature","",""
"[""Resource"",""http://www.w3.org/2002/07/owl#ObjectProperty""]","http://www.cidoc-crm.org/cidoc-crm/P55i_currently_holds","",""
"[""Resource"",""http://www.w3.org/2002/07/owl#ObjectProperty""]","http://www.cidoc-crm.org/cidoc-crm/P184_ends_before_or_with_the_end_of","",""
"[""Resource"",""http://www.w3.org/2002/07/owl#ObjectProperty""]","http://www.cidoc-crm.org/cidoc-crm/P139i_is_alternative_form_of","",""
"[""Resource"",""http://www.w3.org/2002/07/owl#ObjectProperty""]","http://www.cidoc-crm.org/cidoc-crm/P41_classified","",""
"[""Resource"",""http://www.w3.org/2002/07/owl#ObjectProperty""]","http://www.cidoc-crm.org/cidoc-crm/P188i_is_production_tool_for","",""
"[""Resource"",""http://www.w3.org/2002/07/owl#ObjectProperty""]","http://www.cidoc-crm.org/cidoc-crm/P198_holds_or_supports","",""
"[""Resource"",""http://www.w3.org/2002/07/owl#ObjectProperty""]","http://www.cidoc-crm.org/cidoc-crm/P127_has_broader_term","",""
"[""Resource"",""http://www.w3.org/2002/07/owl#Class""]","http://www.cidoc-crm.org/cidoc-crm/E72_Legal_Object","",""
"[""Resource"",""http://www.w3.org/2002/07/owl#Class""]","http://www.cidoc-crm.org/cidoc-crm/E12_Production","",""
"[""Resource"",""http://www.w3.org/2002/07/owl#ObjectProperty""]","http://www.cidoc-crm.org/cidoc-crm/P93i_was_taken_out_of_existence_by","",""
"[""Resource"",""http://www.w3.org/2002/07/owl#ObjectProperty""]","http://www.cidoc-crm.org/cidoc-crm/P183_ends_before_the_start_of","",""
"[""Resource"",""http://www.w3.org/2002/07/owl#ObjectProperty""]","http://www.cidoc-crm.org/cidoc-crm/P189_approximates","",""
"[""Resource"",""http://www.w3.org/2002/07/owl#ObjectProperty""]","http://www.cidoc-crm.org/cidoc-crm/P59i_is_located_on_or_within","",""
"[""Resource"",""http://www.w3.org/2002/07/owl#Class""]","http://www.cidoc-crm.org/cidoc-crm/E55_Type","",""
"[""Resource"",""http://www.w3.org/2002/07/owl#ObjectProperty""]","http://www.cidoc-crm.org/cidoc-crm/P46i_forms_part_of","",""
"[""Resource"",""http://www.w3.org/2002/07/owl#Class""]","http://www.cidoc-crm.org/cidoc-crm/E67_Birth","",""
"[""Resource"",""http://www.w3.org/2002/07/owl#ObjectProperty""]","http://www.cidoc-crm.org/cidoc-crm/P103_was_intended_for","",""
"[""Resource"",""http://www.w3.org/2002/07/owl#DatatypeProperty""]","http://www.cidoc-crm.org/cidoc-crm/P3_has_note","",""
"[""Resource"",""http://www.w3.org/2002/07/owl#ObjectProperty""]","http://www.cidoc-crm.org/cidoc-crm/P106_is_composed_of","",""
"[""Resource"",""http://www.w3.org/2002/07/owl#ObjectProperty""]","http://www.cidoc-crm.org/cidoc-crm/P187_has_production_plan","",""
"[""Resource"",""http://www.w3.org/2002/07/owl#ObjectProperty""]","http://www.cidoc-crm.org/cidoc-crm/P185_ends_before_the_end_of","",""
"[""Resource"",""http://www.w3.org/2002/07/owl#ObjectProperty""]","http://www.cidoc-crm.org/cidoc-crm/P13i_was_destroyed_by","",""
"[""Resource"",""http://www.w3.org/2002/07/owl#ObjectProperty""]","http://www.cidoc-crm.org/cidoc-crm/P21_had_general_purpose","",""
"[""Resource"",""http://www.w3.org/2002/07/owl#ObjectProperty""]","http://www.cidoc-crm.org/cidoc-crm/P89_falls_within","",""
"[""Resource"",""http://www.w3.org/2002/07/owl#ObjectProperty""]","http://www.cidoc-crm.org/cidoc-crm/P70i_is_documented_in","",""
"[""Resource"",""http://www.w3.org/2002/07/owl#ObjectProperty""]","http://www.cidoc-crm.org/cidoc-crm/P176i_starts_after_the_start_of","",""
"[""Resource"",""http://www.w3.org/2002/07/owl#ObjectProperty""]","http://www.cidoc-crm.org/cidoc-crm/P130_shows_features_of","",""
"[""Resource"",""http://www.w3.org/2002/07/owl#ObjectProperty""]","http://www.cidoc-crm.org/cidoc-crm/P104_is_subject_to","",""
"[""Resource"",""http://www.w3.org/2002/07/owl#ObjectProperty""]","http://www.cidoc-crm.org/cidoc-crm/P27i_was_origin_of","",""
"[""Resource"",""http://www.w3.org/2002/07/owl#ObjectProperty""]","http://www.cidoc-crm.org/cidoc-crm/P56_bears_feature","",""
"[""Resource"",""http://www.w3.org/2002/07/owl#Class""]","http://www.cidoc-crm.org/cidoc-crm/E35_Title","",""
"[""Resource"",""http://www.w3.org/2002/07/owl#ObjectProperty""]","http://www.cidoc-crm.org/cidoc-crm/P43i_is_dimension_of","",""
"[""Resource"",""http://www.w3.org/2002/07/owl#ObjectProperty""]","http://www.cidoc-crm.org/cidoc-crm/P75_possesses","",""
"[""Resource"",""http://www.w3.org/2002/07/owl#ObjectProperty""]","http://www.cidoc-crm.org/cidoc-crm/P156i_is_occupied_by","",""
"[""Resource"",""http://www.w3.org/2002/07/owl#ObjectProperty""]","http://www.cidoc-crm.org/cidoc-crm/P99i_was_dissolved_by","",""
"[""Resource"",""http://www.w3.org/2002/07/owl#ObjectProperty""]","http://www.cidoc-crm.org/cidoc-crm/P17_was_motivated_by","",""
"[""Resource"",""http://www.w3.org/2002/07/owl#ObjectProperty""]","http://www.cidoc-crm.org/cidoc-crm/P42_assigned","",""
"[""Resource"",""http://www.w3.org/2002/07/owl#ObjectProperty""]","http://www.cidoc-crm.org/cidoc-crm/P141_assigned","",""
"[""Resource"",""http://www.w3.org/2002/07/owl#ObjectProperty""]","http://www.cidoc-crm.org/cidoc-crm/P62_depicts","",""
"[""Resource"",""http://www.w3.org/2002/07/owl#Class""]","http://www.cidoc-crm.org/cidoc-crm/E83_Type_Creation","",""
"[""Resource"",""http://www.w3.org/2002/07/owl#DatatypeProperty""]","http://www.cidoc-crm.org/cidoc-crm/P90_has_value","",""
"[""Resource"",""http://www.w3.org/2002/07/owl#DatatypeProperty""]","http://www.cidoc-crm.org/cidoc-crm/P169i_spacetime_volume_is_defined_by","",""
"[""Resource"",""http://www.w3.org/2002/07/owl#ObjectProperty""]","http://www.cidoc-crm.org/cidoc-crm/P135_created_type","",""
"[""Resource"",""http://www.w3.org/2002/07/owl#ObjectProperty""]","http://www.cidoc-crm.org/cidoc-crm/P21i_was_purpose_of","",""
"[""Resource"",""http://www.w3.org/2002/07/owl#ObjectProperty""]","http://www.cidoc-crm.org/cidoc-crm/P34i_was_assessed_by","",""
"[""Resource"",""http://www.w3.org/2002/07/owl#ObjectProperty""]","http://www.cidoc-crm.org/cidoc-crm/P123_resulted_in","",""
"[""Resource"",""http://www.w3.org/2002/07/owl#ObjectProperty""]","http://www.cidoc-crm.org/cidoc-crm/P32_used_general_technique","",""
"[""Resource"",""http://www.w3.org/2002/07/owl#ObjectProperty""]","http://www.cidoc-crm.org/cidoc-crm/P147_curated","",""
"[""Resource"",""http://www.w3.org/2002/07/owl#ObjectProperty""]","http://www.cidoc-crm.org/cidoc-crm/P146_separated_from","",""
"[""Resource"",""http://www.w3.org/2002/07/owl#ObjectProperty""]","http://www.cidoc-crm.org/cidoc-crm/P183i_starts_after_the_end_of","",""
"[""Resource"",""http://www.w3.org/2002/07/owl#ObjectProperty""]","http://www.cidoc-crm.org/cidoc-crm/P86_falls_within","",""
"[""Resource"",""http://www.w3.org/2002/07/owl#ObjectProperty""]","http://www.cidoc-crm.org/cidoc-crm/P37_assigned","",""
"[""Resource"",""http://www.w3.org/2002/07/owl#Class""]","http://www.cidoc-crm.org/cidoc-crm/E6_Destruction","",""
"[""Resource"",""http://www.w3.org/2002/07/owl#ObjectProperty""]","http://www.cidoc-crm.org/cidoc-crm/P50i_is_current_keeper_of","",""
"[""Resource"",""http://www.w3.org/2002/07/owl#DatatypeProperty""]","http://www.cidoc-crm.org/cidoc-crm/P79_beginning_is_qualified_by","",""
"[""Resource"",""http://www.w3.org/2002/07/owl#ObjectProperty""]","http://www.cidoc-crm.org/cidoc-crm/P175_starts_before_or_with_the_start_of","",""
"[""Resource"",""http://www.w3.org/2002/07/owl#ObjectProperty""]","http://www.cidoc-crm.org/cidoc-crm/P97i_was_father_for","",""
"[""Resource"",""http://www.w3.org/2002/07/owl#Class""]","http://www.cidoc-crm.org/cidoc-crm/E20_Biological_Object","",""
"[""Resource"",""http://www.w3.org/2002/07/owl#ObjectProperty""]","http://www.cidoc-crm.org/cidoc-crm/P24i_changed_ownership_through","",""
"[""Resource"",""http://www.w3.org/2002/07/owl#ObjectProperty""]","http://www.cidoc-crm.org/cidoc-crm/P132_spatiotemporally_overlaps_with","",""
"[""Resource"",""http://www.w3.org/2002/07/owl#ObjectProperty""]","http://www.cidoc-crm.org/cidoc-crm/P100_was_death_of","",""
"[""Resource"",""http://www.w3.org/2002/07/owl#ObjectProperty""]","http://www.cidoc-crm.org/cidoc-crm/P15i_influenced","",""
"[""Resource"",""http://www.w3.org/2002/07/owl#ObjectProperty""]","http://www.cidoc-crm.org/cidoc-crm/P134_continued","",""
"[""Resource"",""http://www.w3.org/2002/07/owl#ObjectProperty""]","http://www.cidoc-crm.org/cidoc-crm/P102i_is_title_of","",""
"[""Resource"",""http://www.w3.org/2002/07/owl#Class""]","http://www.cidoc-crm.org/cidoc-crm/E21_Person","",""
"[""Resource"",""http://www.w3.org/2002/07/owl#ObjectProperty""]","http://www.cidoc-crm.org/cidoc-crm/P26i_was_destination_of","",""
"[""Resource"",""http://www.w3.org/2002/07/owl#ObjectProperty""]","http://www.cidoc-crm.org/cidoc-crm/P76_has_contact_point","",""
"[""Resource"",""http://www.w3.org/2002/07/owl#Class""]","http://www.cidoc-crm.org/cidoc-crm/E3_Condition_State","",""
"[""Resource"",""http://www.w3.org/2002/07/owl#Class""]","http://www.cidoc-crm.org/cidoc-crm/E22_Human-Made_Object","",""
"[""Resource"",""http://www.w3.org/2002/07/owl#ObjectProperty""]","http://www.cidoc-crm.org/cidoc-crm/P164_is_temporally_specified_by","",""
"[""Resource"",""http://www.w3.org/2002/07/owl#Class""]","http://www.cidoc-crm.org/cidoc-crm/E37_Mark","",""
"[""Resource"",""http://www.w3.org/2002/07/owl#ObjectProperty""]","http://www.cidoc-crm.org/cidoc-crm/P186_produced_thing_of_product_type","",""
"[""Resource"",""http://www.w3.org/2002/07/owl#ObjectProperty""]","http://www.cidoc-crm.org/cidoc-crm/P5_consists_of","",""
"[""Resource"",""http://www.w3.org/2002/07/owl#ObjectProperty""]","http://www.cidoc-crm.org/cidoc-crm/P9_consists_of","",""
"[""Resource"",""http://www.w3.org/2002/07/owl#ObjectProperty""]","http://www.cidoc-crm.org/cidoc-crm/P108_has_produced","",""
"[""Resource"",""http://www.w3.org/2002/07/owl#DatatypeProperty""]","http://www.cidoc-crm.org/cidoc-crm/P80_end_is_qualified_by","",""
"[""Resource"",""http://www.w3.org/2002/07/owl#ObjectProperty""]","http://www.cidoc-crm.org/cidoc-crm/P107i_is_current_or_former_member_of","",""
"[""Resource"",""http://www.w3.org/2002/07/owl#Class""]","http://www.cidoc-crm.org/cidoc-crm/E9_Move","",""
"[""Resource"",""http://www.w3.org/2002/07/owl#Class""]","http://www.cidoc-crm.org/cidoc-crm/E65_Creation","",""
"[""Resource"",""http://www.w3.org/2002/07/owl#ObjectProperty""]","http://www.cidoc-crm.org/cidoc-crm/P174i_ends_after_the_start_of","",""
"[""Resource"",""http://www.w3.org/2002/07/owl#ObjectProperty""]","http://www.cidoc-crm.org/cidoc-crm/P65i_is_shown_by","",""
"[""Resource"",""http://www.w3.org/2002/07/owl#ObjectProperty""]","http://www.cidoc-crm.org/cidoc-crm/P1i_identifies","",""
"[""Resource"",""http://www.w3.org/2002/07/owl#Class""]","http://www.cidoc-crm.org/cidoc-crm/E27_Site","",""
"[""Resource"",""http://www.w3.org/2002/07/owl#ObjectProperty""]","http://www.cidoc-crm.org/cidoc-crm/P20i_was_purpose_of","",""
"[""Resource"",""http://www.w3.org/2002/07/owl#ObjectProperty""]","http://www.cidoc-crm.org/cidoc-crm/P104i_applies_to","",""
"[""Resource"",""http://www.w3.org/2002/07/owl#ObjectProperty""]","http://www.cidoc-crm.org/cidoc-crm/P166_was_a_presence_of","",""
"[""Resource"",""http://www.w3.org/2002/07/owl#ObjectProperty""]","http://www.cidoc-crm.org/cidoc-crm/P157_is_at_rest_relative_to","",""
"[""Resource"",""http://www.w3.org/2002/07/owl#Class""]","http://www.cidoc-crm.org/cidoc-crm/E18_Physical_Thing","",""
"[""Resource"",""http://www.w3.org/2002/07/owl#ObjectProperty""]","http://www.cidoc-crm.org/cidoc-crm/P46_is_composed_of","",""
"[""Resource"",""http://www.w3.org/2002/07/owl#ObjectProperty""]","http://www.cidoc-crm.org/cidoc-crm/P22i_acquired_title_through","",""
"[""Resource"",""http://www.w3.org/2002/07/owl#ObjectProperty""]","http://www.cidoc-crm.org/cidoc-crm/P42i_was_assigned_by","",""
"[""Resource"",""http://www.w3.org/2002/07/owl#ObjectProperty""]","http://www.cidoc-crm.org/cidoc-crm/P49i_is_former_or_current_keeper_of","",""
"[""Resource"",""http://www.w3.org/2002/07/owl#ObjectProperty""]","http://www.cidoc-crm.org/cidoc-crm/P161_has_spatial_projection","",""
"[""Resource"",""http://www.w3.org/2002/07/owl#ObjectProperty""]","http://www.cidoc-crm.org/cidoc-crm/P196_defines","",""
"[""Resource"",""http://www.w3.org/2002/07/owl#Class""]","http://www.cidoc-crm.org/cidoc-crm/E53_Place","",""
"[""Resource"",""http://www.w3.org/2002/07/owl#ObjectProperty""]","http://www.cidoc-crm.org/cidoc-crm/P150_defines_typical_parts_of","",""
"[""Resource"",""http://www.w3.org/2002/07/owl#Class""]","http://www.cidoc-crm.org/cidoc-crm/E4_Period","",""
"[""Resource"",""http://www.w3.org/2002/07/owl#ObjectProperty""]","http://www.cidoc-crm.org/cidoc-crm/P10i_contains","",""
"[""Resource"",""http://www.w3.org/2002/07/owl#ObjectProperty""]","http://www.cidoc-crm.org/cidoc-crm/P29i_received_custody_through","",""
"[""Resource"",""http://www.w3.org/2002/07/owl#ObjectProperty""]","http://www.cidoc-crm.org/cidoc-crm/P40_observed_dimension","",""
"[""Resource"",""http://www.w3.org/2002/07/owl#Class""]","http://www.cidoc-crm.org/cidoc-crm/E41_Appellation","",""
"[""Resource"",""http://www.w3.org/2002/07/owl#ObjectProperty""]","http://www.cidoc-crm.org/cidoc-crm/P122_borders_with","",""
"[""Resource"",""http://www.w3.org/2002/07/owl#ObjectProperty""]","http://www.cidoc-crm.org/cidoc-crm/P101i_was_use_of","",""
"[""Resource"",""http://www.w3.org/2002/07/owl#ObjectProperty""]","http://www.cidoc-crm.org/cidoc-crm/P31i_was_modified_by","",""
"[""Resource"",""http://www.w3.org/2002/07/owl#DatatypeProperty""]","http://www.cidoc-crm.org/cidoc-crm/P81_ongoing_throughout","",""
"[""Resource"",""http://www.w3.org/2002/07/owl#ObjectProperty""]","http://www.cidoc-crm.org/cidoc-crm/P189i_is_approximated_by","",""
"[""Resource"",""http://www.w3.org/2002/07/owl#ObjectProperty""]","http://www.cidoc-crm.org/cidoc-crm/P72i_is_language_of","",""
"[""Resource"",""http://www.w3.org/2002/07/owl#ObjectProperty""]","http://www.cidoc-crm.org/cidoc-crm/P174_starts_before_the_end_of","",""
"[""Resource"",""http://www.w3.org/2002/07/owl#ObjectProperty""]","http://www.cidoc-crm.org/cidoc-crm/P76i_provides_access_to","",""
"[""Resource"",""http://www.w3.org/2002/07/owl#Class""]","http://www.cidoc-crm.org/cidoc-crm/E97_Monetary_Amount","",""
"[""Resource"",""http://www.w3.org/2002/07/owl#Class""]","http://www.cidoc-crm.org/cidoc-crm/E10_Transfer_of_Custody","",""
"[""Resource"",""http://www.w3.org/2002/07/owl#DatatypeProperty""]","http://www.cidoc-crm.org/cidoc-crm/P172_contains","",""
"[""Resource"",""http://www.w3.org/2002/07/owl#ObjectProperty""]","http://www.cidoc-crm.org/cidoc-crm/P146i_lost_member_by","",""
"[""Resource"",""http://www.w3.org/2002/07/owl#ObjectProperty""]","http://www.cidoc-crm.org/cidoc-crm/P73_has_translation","",""
"[""Resource"",""http://www.w3.org/2002/07/owl#ObjectProperty""]","http://www.cidoc-crm.org/cidoc-crm/P74_has_current_or_former_residence","",""
"[""Resource"",""http://www.w3.org/2002/07/owl#ObjectProperty""]","http://www.cidoc-crm.org/cidoc-crm/P145i_left_by","",""
"[""Resource"",""http://www.w3.org/2002/07/owl#ObjectProperty""]","http://www.cidoc-crm.org/cidoc-crm/P137i_is_exemplified_by","",""
"[""Resource"",""http://www.w3.org/2002/07/owl#Class""]","http://www.cidoc-crm.org/cidoc-crm/E14_Condition_Assessment","",""
"[""Resource"",""http://www.w3.org/2002/07/owl#Class""]","http://www.cidoc-crm.org/cidoc-crm/E77_Persistent_Item","",""
"[""Resource"",""http://www.w3.org/2002/07/owl#Class""]","http://www.cidoc-crm.org/cidoc-crm/E30_Right","",""
"[""Resource"",""http://www.w3.org/2002/07/owl#DatatypeProperty""]","http://www.cidoc-crm.org/cidoc-crm/P57_has_number_of_parts","",""
"[""Resource"",""http://www.w3.org/2002/07/owl#Class""]","http://www.cidoc-crm.org/cidoc-crm/E86_Leaving","",""
"[""Resource"",""http://www.w3.org/2002/07/owl#ObjectProperty""]","http://www.cidoc-crm.org/cidoc-crm/P12_occurred_in_the_presence_of","",""
"[""Resource"",""http://www.w3.org/2002/07/owl#ObjectProperty""]","http://www.cidoc-crm.org/cidoc-crm/P4i_is_time-span_of","",""
"[""Resource"",""http://www.w3.org/2002/07/owl#ObjectProperty""]","http://www.cidoc-crm.org/cidoc-crm/P156_occupies","",""
"[""Resource"",""http://www.w3.org/2002/07/owl#DatatypeProperty""]","http://www.cidoc-crm.org/cidoc-crm/P81a_end_of_the_begin","",""
"[""Resource"",""http://www.w3.org/2002/07/owl#ObjectProperty""]","http://www.cidoc-crm.org/cidoc-crm/P39_measured","",""
"[""Resource"",""http://www.w3.org/2002/07/owl#DatatypeProperty""]","http://www.cidoc-crm.org/cidoc-crm/P90a_has_lower_value_limit","",""
"[""Resource"",""http://www.w3.org/2002/07/owl#ObjectProperty""]","http://www.cidoc-crm.org/cidoc-crm/P54i_is_current_permanent_location_of","",""
"[""Resource"",""http://www.w3.org/2002/07/owl#ObjectProperty""]","http://www.cidoc-crm.org/cidoc-crm/P70_documents","",""
"[""Resource"",""http://www.w3.org/2002/07/owl#Class""]","http://www.cidoc-crm.org/cidoc-crm/E52_Time-Span","",""
"[""Resource"",""http://www.w3.org/2002/07/owl#ObjectProperty""]","http://www.cidoc-crm.org/cidoc-crm/P24_transferred_title_of","",""
"[""Resource"",""http://www.w3.org/2002/07/owl#ObjectProperty""]","http://www.cidoc-crm.org/cidoc-crm/P33_used_specific_technique","",""
"[""Resource"",""http://www.w3.org/2002/07/owl#ObjectProperty""]","http://www.cidoc-crm.org/cidoc-crm/P143_joined","",""
"[""Resource"",""http://www.w3.org/2002/07/owl#ObjectProperty""]","http://www.cidoc-crm.org/cidoc-crm/P4_has_time-span","",""
"[""Resource"",""http://www.w3.org/2002/07/owl#ObjectProperty""]","http://www.cidoc-crm.org/cidoc-crm/P7_took_place_at","",""
"[""Resource"",""http://www.w3.org/2002/07/owl#ObjectProperty""]","http://www.cidoc-crm.org/cidoc-crm/P97_from_father","",""
"[""Resource"",""http://www.w3.org/2002/07/owl#Class""]","http://www.cidoc-crm.org/cidoc-crm/E32_Authority_Document","",""
"[""Resource"",""http://www.w3.org/2002/07/owl#ObjectProperty""]","http://www.cidoc-crm.org/cidoc-crm/P179i_was_sales_price_of","",""
"[""Resource"",""http://www.w3.org/2002/07/owl#ObjectProperty""]","http://www.cidoc-crm.org/cidoc-crm/P39i_was_measured_by","",""
"[""Resource"",""http://www.w3.org/2002/07/owl#ObjectProperty""]","http://www.cidoc-crm.org/cidoc-crm/P43_has_dimension","",""
"[""Resource"",""http://www.w3.org/2002/07/owl#ObjectProperty""]","http://www.cidoc-crm.org/cidoc-crm/P129i_is_subject_of","",""
"[""Resource"",""http://www.w3.org/2002/07/owl#ObjectProperty""]","http://www.cidoc-crm.org/cidoc-crm/P33i_was_used_by","",""
"[""Resource"",""http://www.w3.org/2002/07/owl#ObjectProperty""]","http://www.cidoc-crm.org/cidoc-crm/P107_has_current_or_former_member","",""
"[""Resource"",""http://www.w3.org/2002/07/owl#ObjectProperty""]","http://www.cidoc-crm.org/cidoc-crm/P180_has_currency","",""
"[""Resource"",""http://www.w3.org/2002/07/owl#ObjectProperty""]","http://www.cidoc-crm.org/cidoc-crm/P5i_forms_part_of","",""
"[""Resource"",""http://www.w3.org/2002/07/owl#ObjectProperty""]","http://www.cidoc-crm.org/cidoc-crm/P51_has_former_or_current_owner","",""
"[""Resource"",""http://www.w3.org/2002/07/owl#ObjectProperty""]","http://www.cidoc-crm.org/cidoc-crm/P89i_contains","",""
"[""Resource"",""http://www.w3.org/2002/07/owl#Class""]","http://www.cidoc-crm.org/cidoc-crm/E1_CRM_Entity","",""
"[""Resource"",""http://www.w3.org/2002/07/owl#Class""]","http://www.cidoc-crm.org/cidoc-crm/E16_Measurement","",""
"[""Resource"",""http://www.w3.org/2002/07/owl#Class""]","http://www.cidoc-crm.org/cidoc-crm/E39_Actor","",""
